Functional,CPU time,a
ex1/opts/lda_vwn,182.14,5.41015726
ex1/opts/m06l,187.466,5.49199387
ex1/opts/pbe0,971.877,5.57323993
ex1/opts/pwgga,195.352,5.61432648
