Functional,CPU time,a,delta A / %
LDA/VWN,182.14,5.41015726,-0.03281240323935852
M06L,187.466,5.49199387,-0.0181822639755439
PBE0,971.877,5.57323993,-0.003657698839766188
PWGGA,195.352,5.61432648,0.0036874483794269164
