Method,Bandgap / eV,Fock-exchange / %,Epsilon
PBE0/mTZVP,7.2844,0.25,4.0
PBE0-OPT/mTZVP,8.8874,0.48772,2.0503567620766012
PBE0/POB-TZVP,7.6562,0.25,4.0
PBE0-OPT/POB-TZVP,9.507,0.45809,2.1829771442293
PW1PW/POB-TZVP,7.2291,0.2,5.0
PW1PW-OPT/POB-TZVP,9.4966,0.45643,2.190916460355367
