n,dz O1,dz Ti2/3,dz O4/5,dz O6
2,0.0972340513779999,-0.27600113799899995,0.11300646837900019,0.0757984164626
3,0.012246614266999911,-1.1973970513999727e-18,-2.8002691060999646e-18,-0.012246614266999911
4,-0.00041385511800040575,0.26188884988600014,0.04547002315500004,-0.023113220194399986
5,0.0067505471550000085,-7.68118674399963e-19,-1.728038433999961e-19,-0.0067505471550000085
6,0.053158438425999766,-0.1575019715549999,0.007830619804000127,0.04205836852549999
7,-0.00593869007500003,-6.483219117227e-19,-1.06420540469e-18,0.00593869007500003
8,-0.016437662148000243,0.1457810233350001,0.017141651191000085,-0.021585957663699973
