n,dz O1,dz Ti2/3,dz O4/5,dz O6
2,0.0972340513779999,-0.27600113799899995,0.11300646837900019,0.0757984164626
3,-0.05496810511899941,-0.12716842479599988,0.17689320893700033,-0.04772922854399986
4,0.11271218524699922,-0.181778548624,0.1848076799570002,0.10214188180799999
5,0.006533523475999559,-0.15386481598899948,0.1777937301620005,0.001101576022000117
6,0.11820421432200057,-0.14928331009299978,0.21022728452400052,0.10848299476700074
7,0.04719035077000022,-0.15675191936800026,0.18627910852000085,0.03909959336500002
8,0.12136372370000004,-0.1349490838499996,0.22167848815000113,0.11186174336000043
