Surface,Energy / Eh
001,-8001.3981822234
100,-14002.631814148
101,-14002.543316332
110,-14002.626850142
