Surface,n,Area / Angstrom^2 ,Slab Energy / Eh,Surface Energy / J m^-2
101,2.0,25.028,-3993.716897242,1.096232998720201
101,3.0,25.028,-5990.605199105,1.3843204603590666
101,4.0,25.028,-7987.547419878,1.202761031319518
101,5.0,25.028,-9984.460357341,1.276266392916287
101,6.0,25.028,-11981.38804363,1.221305873564214
101,7.0,25.028,-13978.30764719,1.2367479002591082
101,8.0,25.028,-15975.23108544,1.2187888393714315
