Surface,n,Slab Energy / Eh,Surface Energy / Eh
101,2.0,-3993.6163213337,0.00226178182735211
101,3.0,-5990.5405981863,0.001488539953250333
101,4.0,-7987.4627365002,0.0011125997472824552
101,5.0,-9984.3847118569,0.0008876867232730108
101,6.0,-11981.30666424,0.000737821200248109
101,7.0,-13978.228598172,0.0006308270565515619
101,8.0,-15975.150513988,0.0005506266881096262
