Surface,n,Area / Angstrom^2 ,Slab Energy / Eh,Surface Energy / J m^-2
110,2.0,19.123,-3993.797625723,0.5144438965647459
110,3.0,19.123,-5990.682648462,0.928871654861745
110,4.0,19.123,-7987.632177669,0.6079330990893849
110,5.0,19.123,-9984.538788513,0.7762589439904065
110,6.0,19.123,-11981.47196354,0.6417561587484517
110,7.0,19.123,-13978.38633295,0.7216352438300796
110,8.0,19.123,-15975.31372393,0.6530699289837815
