Surface,n,Area / Angstrom^2 ,Slab Energy / Eh,Surface Energy / J m^-2
001,2.0,21.061,-1996.846023602,0.7799683722504726
001,3.0,21.061,-2995.165426161,2.2423999614400945
001,4.0,21.061,-3993.724023936,1.2289492521717538
001,5.0,21.061,-4992.119184349,1.9072199671469432
001,6.0,21.061,-5990.633104512,1.3562221051199146
001,7.0,21.061,-6989.057717339,1.7296342543962355
001,8.0,21.061,-7987.549146251,1.411440756751339
