Surface,n,Slab Energy / Eh,Surface Energy / Eh
001,2.0,-1996.6732664063,23.706964133109775
001,3.0,-2995.1148419158,23.70613366996027
001,4.0,-3993.5823993572,23.70556423196192
001,5.0,-4992.0414033459,23.70526318191966
001,6.0,-5990.5030383993,23.70505207139855
001,7.0,-6988.9637785301,23.70490431330726
001,8.0,-7987.4248063968,23.704792640862255
