Surface,n,Slab Energy / Eh,Surface Energy / Eh
100,2.0,-3993.7342564505,0.002005923411840341
100,3.0,-5990.6555765169,0.0013379768414395244
100,4.0,-7987.5769204454,0.0010037829703413294
100,5.0,-9984.4982335119,0.000803494883151504
100,6.0,-11981.419503945,0.0006702322326455735
100,7.0,-13978.340726465,0.0005752977211706497
100,8.0,-15975.261881949,0.0005044066844743736
