Method,CPU time,a,delta A / %,c,delta C / %,xfrac(O)
PBE0/rev2,20685.456,4.5776238,-0.0033477465708687815,2.95068429,-0.002810310915850045,0.3050303508628
PBESOL/rev2,1140.622,4.58926017,-0.0008142455911168689,2.94644108,-0.004244312267657979,0.3042089836044
PW1PW/rev2,19687.865,4.58467477,-0.0018125908991943884,2.95294306,-0.002046955052382615,0.304939310436
PWGGA/rev2,3445.462,4.63371551,0.008864687568038265,2.96916674,0.003435870226427884,0.3047567524235
PBE0/std,11055.102,4.56467598,-0.0061667798824298625,2.98088897,0.007397421426157402,0.3043920483381
PBESOL/std,838.426,4.57697689,-0.003488593511865812,2.9704899,0.003883034809057051,0.3036248046049
PW1PW/std,13151.061,4.57127357,-0.004730335292836951,2.98184104,0.007719175397093547,0.3043112712556
PWGGA/std,1425.958,4.61664674,0.005148430219899858,2.99328241,0.011585809395065816,0.3040775770359
